{
    "dataset": {
        "total_samples": 18632,
        "train_samples": 13042,
        "val_samples": 2795,
        "test_samples": 2795,
        "num_classes": 6,
        "classes": [
            "scab",
            "healthy",
            "frog_eye_leaf_spot",
            "rust",
            "complex",
            "powdery_mildew"
        ]
    },
    "best_config": {
        "model": "efficientnet_b3",
        "learning_rate": 0.0005,
        "image_size": 224,
        "batch_size": 16,
        "augmentation": true
    },
    "results": {
        "test_f1": 0.9217412045319021,
        "test_loss": 0.08619796478044582,
        "best_val_f1": 0.9249135360763269
    },
    "model_comparison": {
        "resnet50": 0.8981872391174717,
        "efficientnet_b3": 0.920190816935003,
        "densenet121": 0.918783542039356
    }
}